date,year,stack_position,country,report_name,url,paragraph_text,hover_label,hover_label_plain,mention_count
2018-01-01,2018,1,Afghanistan,Environmental and social management framework EQRA Project,http://planipolis.iiep.unesco.org/en/2018/environmental-and-social-management-framework-eqra-project-6574,...in a pilot sample of 200 schools in secure districts teachers for grades three to six will receive intensive instruction on using scripted lessons in teaching reading and math this involves providing lesson plans with a high degree of scripting providing concrete steps for teachers continually...,Country: Afghanistan<br>Report Name: Environmental and social management framework EQRA Project<br>Text Excerpt: ...in a pilot sample of 200 schools in secure districts teachers for grades three to six will receive intensive instruction on using scripted lessons in teaching reading and math this involves providing lesson plans with a high degree of scripting providing concrete steps for teachers continually...,"Country: Afghanistan
Report Name: Environmental and social management framework EQRA Project
Text Excerpt: ...in a pilot sample of 200 schools in secure districts teachers for grades three to six will receive intensive instruction on using scripted lessons in teaching reading and math this involves providing lesson plans with a high degree of scripting providing concrete steps for teachers continually...",1
2020-01-01,2020,1,Afghanistan,Alternate education service delivery COVID-19: emergency response plan,http://planipolis.iiep.unesco.org/en/2020/alternate-education-service-delivery-covid-19-emergency-response-plan-6900,...4 child psychology and 5 self teaching and learning methods teacher will be provided with hard copies of the mentioned training material in schools and these material will be available online in moe website as well c school and madrasa principals all the school and...,Country: Afghanistan<br>Report Name: Alternate education service delivery COVID-19: emergency response plan<br>Text Excerpt: ...4 child psychology and 5 self teaching and learning methods teacher will be provided with hard copies of the mentioned training material in schools and these material will be available online in moe website as well c school and madrasa principals all the school and...,"Country: Afghanistan
Report Name: Alternate education service delivery COVID-19: emergency response plan
Text Excerpt: ...4 child psychology and 5 self teaching and learning methods teacher will be provided with hard copies of the mentioned training material in schools and these material will be available online in moe website as well c school and madrasa principals all the school and...",1
2020-01-01,2020,2,Afghanistan,Alternative Education Plan,http://planipolis.iiep.unesco.org/en/2020/alternative-education-plan-6979,...following preparation is ongoing or almost to be completed • self learning guideline and self learning materials have been prepared • broadcasting schedule has been prepared • audio visual learning materials which has been produced by the private sector have...,Country: Afghanistan<br>Report Name: Alternative Education Plan<br>Text Excerpt: ...following preparation is ongoing or almost to be completed • self learning guideline and self learning materials have been prepared • broadcasting schedule has been prepared • audio visual learning materials which has been produced by the private sector have...,"Country: Afghanistan
Report Name: Alternative Education Plan
Text Excerpt: ...following preparation is ongoing or almost to be completed • self learning guideline and self learning materials have been prepared • broadcasting schedule has been prepared • audio visual learning materials which has been produced by the private sector have...",1
2020-01-01,2020,3,Afghanistan,Annual Operational Plan 2020/1399,http://planipolis.iiep.unesco.org/en/2020/annual-operational-plan-20201399-7014,...100 moe 109 698 054 115 171 200 afg 270898 artf ida gpe eqra development of textbooks teacher of mathematics science and language for grades 1 4 7 guides writing editing designing and 10 translation stationary etc of progress unesco...,Country: Afghanistan<br>Report Name: Annual Operational Plan 2020/1399<br>Text Excerpt: ...100 moe 109 698 054 115 171 200 afg 270898 artf ida gpe eqra development of textbooks teacher of mathematics science and language for grades 1 4 7 guides writing editing designing and 10 translation stationary etc of progress unesco...,"Country: Afghanistan
Report Name: Annual Operational Plan 2020/1399
Text Excerpt: ...100 moe 109 698 054 115 171 200 afg 270898 artf ida gpe eqra development of textbooks teacher of mathematics science and language for grades 1 4 7 guides writing editing designing and 10 translation stationary etc of progress unesco...",1
2004-01-01,2004,1,Bangladesh,Second Primary Education Development Program PEDP-II,http://planipolis.iiep.unesco.org/en/2004/second-primary-education-development-program-pedp-ii-4358,...district eee eee text books on time to all students s cadre p curriculum support packages » schoo! level improvement plan slip p supplementary reading materials for all schools b upazila primary education plan upep » gender...,Country: Bangladesh<br>Report Name: Second Primary Education Development Program PEDP-II<br>Text Excerpt: ...district eee eee text books on time to all students s cadre p curriculum support packages » schoo! level improvement plan slip p supplementary reading materials for all schools b upazila primary education plan upep » gender...,"Country: Bangladesh
Report Name: Second Primary Education Development Program PEDP-II
Text Excerpt: ...district eee eee text books on time to all students s cadre p curriculum support packages » schoo! level improvement plan slip p supplementary reading materials for all schools b upazila primary education plan upep » gender...",1
2011-01-01,2011,1,Bangladesh,Third Primary Education Development Programme PEDP3. 1: Main Document. 2: Implementation Guide. 3: Detailed Costings. 4: Annexes,http://planipolis.iiep.unesco.org/en/2011/third-primary-education-development-programme-pedp3-1-main-document-2-implementation-guide-3,...begin with the teachers functions school and community teachers teachers are accountable to ensure the learning progress and achievement of all children through effective teaching learning process  participate in continuous professional development activities concerned with school curriculum subject contents assessment and other job related issue...,Country: Bangladesh<br>Report Name: Third Primary Education Development Programme PEDP3. 1: Main Document. 2: Implementation Guide. 3: Detailed Costings. 4: Annexes<br>Text Excerpt: ...begin with the teachers functions school and community teachers teachers are accountable to ensure the learning progress and achievement of all children through effective teaching learning process  participate in continuous professional development activities concerned with school curriculum subject contents assessment and other job related issue...,"Country: Bangladesh
Report Name: Third Primary Education Development Programme PEDP3. 1: Main Document. 2: Implementation Guide. 3: Detailed Costings. 4: Annexes
Text Excerpt: ...begin with the teachers functions school and community teachers teachers are accountable to ensure the learning progress and achievement of all children through effective teaching learning process  participate in continuous professional development activities concerned with school curriculum subject contents assessment and other job related issue...",1
2012-01-01,2012,1,Bangladesh,Reaching Out of School Children (ROSC II),http://planipolis.iiep.unesco.org/en/2012/reaching-out-school-children-rosc-ii-6626,...head teachers hts and upazila tcs would be mobilized to provide academic guidance to lc teachers on the use of subject plans teaching learning materials including posters charts and audio visual clips and continuous student assessments government of...,Country: Bangladesh<br>Report Name: Reaching Out of School Children (ROSC II)<br>Text Excerpt: ...head teachers hts and upazila tcs would be mobilized to provide academic guidance to lc teachers on the use of subject plans teaching learning materials including posters charts and audio visual clips and continuous student assessments government of...,"Country: Bangladesh
Report Name: Reaching Out of School Children (ROSC II)
Text Excerpt: ...head teachers hts and upazila tcs would be mobilized to provide academic guidance to lc teachers on the use of subject plans teaching learning materials including posters charts and audio visual clips and continuous student assessments government of...",1
2015-01-01,2015,1,Bangladesh,Third Primary Education Development Program (PEDP - 3) - Revised (2011-2016),http://planipolis.iiep.unesco.org/en/2015/third-primary-education-development-program-pedp-3-revised-2011-2016-6393,...over the pedp 3 period in accordance with an agreed timetable textbooks and teachers’ guides will be developed trialed adjusted and introduced nationwide for all subjects in all primary grades the revised curriculum and teaching guides will be...,Country: Bangladesh<br>Report Name: Third Primary Education Development Program (PEDP - 3) - Revised (2011-2016)<br>Text Excerpt: ...over the pedp 3 period in accordance with an agreed timetable textbooks and teachers’ guides will be developed trialed adjusted and introduced nationwide for all subjects in all primary grades the revised curriculum and teaching guides will be...,"Country: Bangladesh
Report Name: Third Primary Education Development Program (PEDP - 3) - Revised (2011-2016)
Text Excerpt: ...over the pedp 3 period in accordance with an agreed timetable textbooks and teachers’ guides will be developed trialed adjusted and introduced nationwide for all subjects in all primary grades the revised curriculum and teaching guides will be...",1
2021-01-01,2021,1,Cambodia,Gender mainstreaming plan for education 2021-2025,http://planipolis.iiep.unesco.org/en/2021/gender-mainstreaming-plan-education-2021-2025,...to assist gender responsive teaching and learning process provide trainings on gender equality responsive teaching mythology and lesson plan conduct training for gender working groups school...,Country: Cambodia<br>Report Name: Gender mainstreaming plan for education 2021-2025<br>Text Excerpt: ...to assist gender responsive teaching and learning process provide trainings on gender equality responsive teaching mythology and lesson plan conduct training for gender working groups school...,"Country: Cambodia
Report Name: Gender mainstreaming plan for education 2021-2025
Text Excerpt: ...to assist gender responsive teaching and learning process provide trainings on gender equality responsive teaching mythology and lesson plan conduct training for gender working groups school...",1
2018-01-01,2018,2,Chad,Projet de renforcement de l’éducation et de l’alphabétisation au Tchad (PREAT),http://planipolis.iiep.unesco.org/en/2018/projet-de-renforcement-de-l%E2%80%99%C3%A9ducation-et-de-l%E2%80%99alphab%C3%A9tisation-au-tchad-preat-6559,...la distribution de 896 000 ardoises destinées aux élèves du cp le projet financera aussi un cycle de formation spécifique aux nouveaux manuels injectés dans le système concernant les modalités d’acquisition l’option prise...,Country: Chad<br>Report Name: Projet de renforcement de l’éducation et de l’alphabétisation au Tchad (PREAT)<br>Text Excerpt: ...la distribution de 896 000 ardoises destinées aux élèves du cp le projet financera aussi un cycle de formation spécifique aux nouveaux manuels injectés dans le système concernant les modalités d’acquisition l’option prise...,"Country: Chad
Report Name: Projet de renforcement de l’éducation et de l’alphabétisation au Tchad (PREAT)
Text Excerpt: ...la distribution de 896 000 ardoises destinées aux élèves du cp le projet financera aussi un cycle de formation spécifique aux nouveaux manuels injectés dans le système concernant les modalités d’acquisition l’option prise...",1
2015-01-01,2015,2,Congo,Stratégie sectorielle de l'éducation 2015-2025,http://planipolis.iiep.unesco.org/en/2015/strat%C3%A9gie-sectorielle-de-l%C3%A9ducation-2015-2025-6410,...deux ans  les nouveaux programmes sont mis en œuvre 2015 et tous les enseignants sont formés et reçoivent un guide pédagogique  les filles et les enfants des populations...,Country: Congo<br>Report Name: Stratégie sectorielle de l'éducation 2015-2025<br>Text Excerpt: ...deux ans  les nouveaux programmes sont mis en œuvre 2015 et tous les enseignants sont formés et reçoivent un guide pédagogique  les filles et les enfants des populations...,"Country: Congo
Report Name: Stratégie sectorielle de l'éducation 2015-2025
Text Excerpt: ...deux ans  les nouveaux programmes sont mis en œuvre 2015 et tous les enseignants sont formés et reçoivent un guide pédagogique  les filles et les enfants des populations...",1
2007-01-01,2007,1,Egypt,National strategic plan for pre-university education reform in Egypt 2007/08-2011/12 [includes: Preliminary note and executive summary. Annexes],http://planipolis.iiep.unesco.org/en/2007/national-strategic-plan-pre-university-education-reform-egypt-200708-201112-includes,...for early learning critical thinking childhood level 1 2 1 d author and produce textbooks teacher guides it and assessment research analytical and life materials skills 1 2 1 e implement and evaluate the new textbooks and instructional • integrate teachers book materials...,Country: Egypt<br>Report Name: National strategic plan for pre-university education reform in Egypt 2007/08-2011/12 [includes: Preliminary note and executive summary. Annexes]<br>Text Excerpt: ...for early learning critical thinking childhood level 1 2 1 d author and produce textbooks teacher guides it and assessment research analytical and life materials skills 1 2 1 e implement and evaluate the new textbooks and instructional • integrate teachers book materials...,"Country: Egypt
Report Name: National strategic plan for pre-university education reform in Egypt 2007/08-2011/12 [includes: Preliminary note and executive summary. Annexes]
Text Excerpt: ...for early learning critical thinking childhood level 1 2 1 d author and produce textbooks teacher guides it and assessment research analytical and life materials skills 1 2 1 e implement and evaluate the new textbooks and instructional • integrate teachers book materials...",1
2009-01-01,2009,1,Ethiopia,Pastoralist area education strategy,http://planipolis.iiep.unesco.org/en/2009/pastoralist-area-education-strategy-5259,...medium of instruction both in abe and formal primary education • upgrade the professional competence of abe facilitators and formal primary school teachers through continuous on job training programs • upgrade the academic qualification level of...,Country: Ethiopia<br>Report Name: Pastoralist area education strategy<br>Text Excerpt: ...medium of instruction both in abe and formal primary education • upgrade the professional competence of abe facilitators and formal primary school teachers through continuous on job training programs • upgrade the academic qualification level of...,"Country: Ethiopia
Report Name: Pastoralist area education strategy
Text Excerpt: ...medium of instruction both in abe and formal primary education • upgrade the professional competence of abe facilitators and formal primary school teachers through continuous on job training programs • upgrade the academic qualification level of...",1
2017-01-01,2017,1,Ethiopia,Climate change education strategy of Ethiopia 2017-2030: Strengthening the integration of climate change into the formal education system of Ethiopia,http://planipolis.iiep.unesco.org/en/2017/climate-change-education-strategy-ethiopia-2017-2030-strengthening-integration-climate-change,...objectives activities develop teaching and learning materials • develop and deliver complementary teaching to complement existing curricula materials on cc education for pilot testing in selected localities • translate the materials into local languages and disseminated to primary and secondary schools upon endorsement by moe regional agencies...,Country: Ethiopia<br>Report Name: Climate change education strategy of Ethiopia 2017-2030: Strengthening the integration of climate change into the formal education system of Ethiopia<br>Text Excerpt: ...objectives activities develop teaching and learning materials • develop and deliver complementary teaching to complement existing curricula materials on cc education for pilot testing in selected localities • translate the materials into local languages and disseminated to primary and secondary schools upon endorsement by moe regional agencies...,"Country: Ethiopia
Report Name: Climate change education strategy of Ethiopia 2017-2030: Strengthening the integration of climate change into the formal education system of Ethiopia
Text Excerpt: ...objectives activities develop teaching and learning materials • develop and deliver complementary teaching to complement existing curricula materials on cc education for pilot testing in selected localities • translate the materials into local languages and disseminated to primary and secondary schools upon endorsement by moe regional agencies...",1
2020-01-01,2020,4,Ethiopia,Concept Note for Education Sector COVID 19-Preparedness and Response Plan,http://planipolis.iiep.unesco.org/en/2020/concept-note-education-sector-covid-19-preparedness-and-response-plan-6962,...by using electronic and printed media 1 000 000 00 etb  repacking and uploading all curricular materials including digitalized subject content and textbooks on the ministry website and other social media 1 000 000 00 etb ...,Country: Ethiopia<br>Report Name: Concept Note for Education Sector COVID 19-Preparedness and Response Plan<br>Text Excerpt: ...by using electronic and printed media 1 000 000 00 etb  repacking and uploading all curricular materials including digitalized subject content and textbooks on the ministry website and other social media 1 000 000 00 etb ...,"Country: Ethiopia
Report Name: Concept Note for Education Sector COVID 19-Preparedness and Response Plan
Text Excerpt: ...by using electronic and printed media 1 000 000 00 etb  repacking and uploading all curricular materials including digitalized subject content and textbooks on the ministry website and other social media 1 000 000 00 etb ...",1
2013-01-01,2013,1,Gambia,Draft education sector strategic plan 2014-2022,http://planipolis.iiep.unesco.org/en/2013/draft-education-sector-strategic-plan-2014-2022,...interventions of the early grade numeracy program egnp however teaching and learning materials will be developed on early grade numeracy skills and teachers will be trained on the use of these materials intervening across the three areas eglp egnp nlp much...,Country: Gambia<br>Report Name: Draft education sector strategic plan 2014-2022<br>Text Excerpt: ...interventions of the early grade numeracy program egnp however teaching and learning materials will be developed on early grade numeracy skills and teachers will be trained on the use of these materials intervening across the three areas eglp egnp nlp much...,"Country: Gambia
Report Name: Draft education sector strategic plan 2014-2022
Text Excerpt: ...interventions of the early grade numeracy program egnp however teaching and learning materials will be developed on early grade numeracy skills and teachers will be trained on the use of these materials intervening across the three areas eglp egnp nlp much...",1
2009-01-01,2009,2,Jamaica,Vision 2030 Jamaica: National development plan: Education draft sector plan plan: final draft,http://planipolis.iiep.unesco.org/en/2009/vision-2030-jamaica-national-development-plan-education-draft-sector-plan-plan-final-draft-5183,...number of students attaining mastery in reading by grade 3 • train teachers in the use of best practices in reading instructions • develop diagnostic tools to provide teachers with data for use in the development of reading intervention programmes to meet the needs of their students and assess reading achievement • produce and or purchase for p...,Country: Jamaica<br>Report Name: Vision 2030 Jamaica: National development plan: Education draft sector plan plan: final draft<br>Text Excerpt: ...number of students attaining mastery in reading by grade 3 • train teachers in the use of best practices in reading instructions • develop diagnostic tools to provide teachers with data for use in the development of reading intervention programmes to meet the needs of their students and assess reading achievement • produce and or purchase for p...,"Country: Jamaica
Report Name: Vision 2030 Jamaica: National development plan: Education draft sector plan plan: final draft
Text Excerpt: ...number of students attaining mastery in reading by grade 3 • train teachers in the use of best practices in reading instructions • develop diagnostic tools to provide teachers with data for use in the development of reading intervention programmes to meet the needs of their students and assess reading achievement • produce and or purchase for p...",1
2015-01-01,2015,3,Kenya,National education sector plan. Vol.1: Basic education programme rationale and approach 2013-2018. Vol.2: Operational plan,http://planipolis.iiep.unesco.org/en/2015/national-education-sector-plan-vol1-basic-education-programme-rationale-and-approach-2013-2018,...on how to improve literacy and numeracy outcomes for pupils the initiative implemented as a pilot in 2012 provides pupils with reading and mathematics books teachers are also trained ongoing support and lesson 82 plans that enable them to improve their daily instructional...,Country: Kenya<br>Report Name: National education sector plan. Vol.1: Basic education programme rationale and approach 2013-2018. Vol.2: Operational plan<br>Text Excerpt: ...on how to improve literacy and numeracy outcomes for pupils the initiative implemented as a pilot in 2012 provides pupils with reading and mathematics books teachers are also trained ongoing support and lesson 82 plans that enable them to improve their daily instructional...,"Country: Kenya
Report Name: National education sector plan. Vol.1: Basic education programme rationale and approach 2013-2018. Vol.2: Operational plan
Text Excerpt: ...on how to improve literacy and numeracy outcomes for pupils the initiative implemented as a pilot in 2012 provides pupils with reading and mathematics books teachers are also trained ongoing support and lesson 82 plans that enable them to improve their daily instructional...",1
2020-01-01,2020,5,Kiribati,Education sector contingency plan for Covid-19 in Kiribati,http://planipolis.iiep.unesco.org/en/2020/education-sector-contingency-plan-covid-19-kiribati-7054,...$200 venue broadcast studied per week by subject day 4days standard template for radio and video lesson plans actors to be engaged in development process and to convey lessons by subject by grade and ii tentative broadcast uploading schedule in case...,Country: Kiribati<br>Report Name: Education sector contingency plan for Covid-19 in Kiribati<br>Text Excerpt: ...$200 venue broadcast studied per week by subject day 4days standard template for radio and video lesson plans actors to be engaged in development process and to convey lessons by subject by grade and ii tentative broadcast uploading schedule in case...,"Country: Kiribati
Report Name: Education sector contingency plan for Covid-19 in Kiribati
Text Excerpt: ...$200 venue broadcast studied per week by subject day 4days standard template for radio and video lesson plans actors to be engaged in development process and to convey lessons by subject by grade and ii tentative broadcast uploading schedule in case...",1
2021-01-01,2021,2,Lao People's Democratic Republic,Lao PDR education COVID-19 response plan,http://planipolis.iiep.unesco.org/en/2021/lao-pdr-education-covid-19-response-plan-7201,...access khang panya will also be developed to enhance teaching ✓ videos on teacher professional development and curriculum based teaching resources ✓ teacher guides based on the curriculum for primary teachers to be added for school year 2021 22 ✓ videos for...,Country: Lao People's Democratic Republic<br>Report Name: Lao PDR education COVID-19 response plan<br>Text Excerpt: ...access khang panya will also be developed to enhance teaching ✓ videos on teacher professional development and curriculum based teaching resources ✓ teacher guides based on the curriculum for primary teachers to be added for school year 2021 22 ✓ videos for...,"Country: Lao People's Democratic Republic
Report Name: Lao PDR education COVID-19 response plan
Text Excerpt: ...access khang panya will also be developed to enhance teaching ✓ videos on teacher professional development and curriculum based teaching resources ✓ teacher guides based on the curriculum for primary teachers to be added for school year 2021 22 ✓ videos for...",1
2012-01-01,2012,2,Lebanon,Teaching and learning in the digital age: Lebanon's national educational technology strategic plan,http://planipolis.iiep.unesco.org/en/2012/teaching-and-learning-digital-age-lebanons-national-educational-technology-strategic-plan-5922,...study in a lesson study model of professional development teachers collaboratively plan develop or improve a lesson field test the lesson in a classroom observe it make changes and collect data to see the impact of the lesson on student learning...,Country: Lebanon<br>Report Name: Teaching and learning in the digital age: Lebanon's national educational technology strategic plan<br>Text Excerpt: ...study in a lesson study model of professional development teachers collaboratively plan develop or improve a lesson field test the lesson in a classroom observe it make changes and collect data to see the impact of the lesson on student learning...,"Country: Lebanon
Report Name: Teaching and learning in the digital age: Lebanon's national educational technology strategic plan
Text Excerpt: ...study in a lesson study model of professional development teachers collaboratively plan develop or improve a lesson field test the lesson in a classroom observe it make changes and collect data to see the impact of the lesson on student learning...",1
2021-01-01,2021,3,Lebanon,Lebanon five-year general education plan 2021-2025,http://planipolis.iiep.unesco.org/en/2021/lebanon-five-year-general-education-plan-2021-2025-7480,...strategies to identify and support specific areas of weaknesses structured pedagogy through consistently applied approaches e g scripted lesson plans activities can ensure that teachers are prepared to support children at different levels this can also include approaches...,Country: Lebanon<br>Report Name: Lebanon five-year general education plan 2021-2025<br>Text Excerpt: ...strategies to identify and support specific areas of weaknesses structured pedagogy through consistently applied approaches e g scripted lesson plans activities can ensure that teachers are prepared to support children at different levels this can also include approaches...,"Country: Lebanon
Report Name: Lebanon five-year general education plan 2021-2025
Text Excerpt: ...strategies to identify and support specific areas of weaknesses structured pedagogy through consistently applied approaches e g scripted lesson plans activities can ensure that teachers are prepared to support children at different levels this can also include approaches...",1
2016-01-01,2016,1,Liberia,Getting to Best Education Sector Plan 2017-2021,http://planipolis.iiep.unesco.org/en/2016/getting-best-education-sector-plan-2017-2021-6404,...coordination with the teacher education and management program develop trial and approve teacher guides with lesson plans for english and mathematics 1 write teacher guides for grades 1 to 4 with daily lesson plans based on egra plus and egma materials 3 include...,Country: Liberia<br>Report Name: Getting to Best Education Sector Plan 2017-2021<br>Text Excerpt: ...coordination with the teacher education and management program develop trial and approve teacher guides with lesson plans for english and mathematics 1 write teacher guides for grades 1 to 4 with daily lesson plans based on egra plus and egma materials 3 include...,"Country: Liberia
Report Name: Getting to Best Education Sector Plan 2017-2021
Text Excerpt: ...coordination with the teacher education and management program develop trial and approve teacher guides with lesson plans for english and mathematics 1 write teacher guides for grades 1 to 4 with daily lesson plans based on egra plus and egma materials 3 include...",1
2020-01-01,2020,6,Liberia,Liberia COVID-19 education emergency response plan,http://planipolis.iiep.unesco.org/en/2020/liberia-covid-19-education-emergency-response-plan-6989,...around a teaching learning materials and learning continuity i provision of teaching and learning materials for ece in none gpe counties textbooks teacher guides and digital workbooks based on the reformed curriculum for grades 1 9 the ministry of education irise...,Country: Liberia<br>Report Name: Liberia COVID-19 education emergency response plan<br>Text Excerpt: ...around a teaching learning materials and learning continuity i provision of teaching and learning materials for ece in none gpe counties textbooks teacher guides and digital workbooks based on the reformed curriculum for grades 1 9 the ministry of education irise...,"Country: Liberia
Report Name: Liberia COVID-19 education emergency response plan
Text Excerpt: ...around a teaching learning materials and learning continuity i provision of teaching and learning materials for ece in none gpe counties textbooks teacher guides and digital workbooks based on the reformed curriculum for grades 1 9 the ministry of education irise...",1
2022-01-01,2022,1,Liberia,Education Sector Plan 2022/23–2026/27,http://planipolis.iiep.unesco.org/en/2022/education-sector-plan-202223%E2%80%93202627-7445,...to the revised curricula framework syllabi and teacher guides 3 develop procure and distribute gender responsive and disability inclusive teachers’ guides to teachers in ece basic and secondary schools and alp textbooks to ece basic and secondary schools...,Country: Liberia<br>Report Name: Education Sector Plan 2022/23–2026/27<br>Text Excerpt: ...to the revised curricula framework syllabi and teacher guides 3 develop procure and distribute gender responsive and disability inclusive teachers’ guides to teachers in ece basic and secondary schools and alp textbooks to ece basic and secondary schools...,"Country: Liberia
Report Name: Education Sector Plan 2022/23–2026/27
Text Excerpt: ...to the revised curricula framework syllabi and teacher guides 3 develop procure and distribute gender responsive and disability inclusive teachers’ guides to teachers in ece basic and secondary schools and alp textbooks to ece basic and secondary schools...",1
2020-01-01,2020,7,Madagascar,Projet d'appui à l'éducation de base (PAEB): Cadre de politique de réinstallation des populations. Cadre de gestion environnementale et sociale,http://planipolis.iiep.unesco.org/en/2020/projet-dappui-%C3%A0-l%C3%A9ducation-de-base-paeb-cadre-de-politique-de-r%C3%A9installation-des-populations,...renforcement du système mise et en œuvre de projet la composante vise à doter des guides et manuels basés sur le nouveau programme scolaire composante 4 amélioration de l’analyse sectorielle et...,Country: Madagascar<br>Report Name: Projet d'appui à l'éducation de base (PAEB): Cadre de politique de réinstallation des populations. Cadre de gestion environnementale et sociale<br>Text Excerpt: ...renforcement du système mise et en œuvre de projet la composante vise à doter des guides et manuels basés sur le nouveau programme scolaire composante 4 amélioration de l’analyse sectorielle et...,"Country: Madagascar
Report Name: Projet d'appui à l'éducation de base (PAEB): Cadre de politique de réinstallation des populations. Cadre de gestion environnementale et sociale
Text Excerpt: ...renforcement du système mise et en œuvre de projet la composante vise à doter des guides et manuels basés sur le nouveau programme scolaire composante 4 amélioration de l’analyse sectorielle et...",1
2019-01-01,2019,1,Maldives,Maldives Education Sector Plan 2019-2023,http://planipolis.iiep.unesco.org/en/2019/maldives-education-sector-plan-2019-2023-6727,...service 8 assess and revise teaching and learning materials 9 develop teaching and learning materials for teachers in selected subject areas 10 review and revise alternative pathways especially...,Country: Maldives<br>Report Name: Maldives Education Sector Plan 2019-2023<br>Text Excerpt: ...service 8 assess and revise teaching and learning materials 9 develop teaching and learning materials for teachers in selected subject areas 10 review and revise alternative pathways especially...,"Country: Maldives
Report Name: Maldives Education Sector Plan 2019-2023
Text Excerpt: ...service 8 assess and revise teaching and learning materials 9 develop teaching and learning materials for teachers in selected subject areas 10 review and revise alternative pathways especially...",1
2011-01-01,2011,2,Mauritius,New strategy for prevocational education,http://planipolis.iiep.unesco.org/en/2011/new-strategy-prevocational-education-5266,...preparing the syllabus holding workshops with all stakeholders writing piloting and finalizing the teaching and learning materials teacher training and working on the new end of programme assessment and certification 7 1 transition phase the new model will be phased in...,Country: Mauritius<br>Report Name: New strategy for prevocational education<br>Text Excerpt: ...preparing the syllabus holding workshops with all stakeholders writing piloting and finalizing the teaching and learning materials teacher training and working on the new end of programme assessment and certification 7 1 transition phase the new model will be phased in...,"Country: Mauritius
Report Name: New strategy for prevocational education
Text Excerpt: ...preparing the syllabus holding workshops with all stakeholders writing piloting and finalizing the teaching and learning materials teacher training and working on the new end of programme assessment and certification 7 1 transition phase the new model will be phased in...",1
2012-01-01,2012,3,Mozambique,Education strategic plan 2012-2016,http://planipolis.iiep.unesco.org/en/2012/education-strategic-plan-2012-2016-5590,...in and providing more resources to this area at the same time the curriculum and lesson plans will be revisited in terms of the learning methodologies promoted the treatment of cross cutting issues and the...,Country: Mozambique<br>Report Name: Education strategic plan 2012-2016<br>Text Excerpt: ...in and providing more resources to this area at the same time the curriculum and lesson plans will be revisited in terms of the learning methodologies promoted the treatment of cross cutting issues and the...,"Country: Mozambique
Report Name: Education strategic plan 2012-2016
Text Excerpt: ...in and providing more resources to this area at the same time the curriculum and lesson plans will be revisited in terms of the learning methodologies promoted the treatment of cross cutting issues and the...",1
2020-01-01,2020,8,Myanmar,Myanmar COVID-19 National Response and Recovery Plan for the Education Sector May 2020 – October 2021,http://planipolis.iiep.unesco.org/en/2020/myanmar-covid-19-national-response-and-recovery-plan-education-sector-may-2020-%E2%80%93-october-2021,...curriculum plans for different subjects and grades reached with development printing uploading of complementary guideline to teachers to support students’ support home based learning translation of distance learning materials in...,Country: Myanmar<br>Report Name: Myanmar COVID-19 National Response and Recovery Plan for the Education Sector May 2020 – October 2021<br>Text Excerpt: ...curriculum plans for different subjects and grades reached with development printing uploading of complementary guideline to teachers to support students’ support home based learning translation of distance learning materials in...,"Country: Myanmar
Report Name: Myanmar COVID-19 National Response and Recovery Plan for the Education Sector May 2020 – October 2021
Text Excerpt: ...curriculum plans for different subjects and grades reached with development printing uploading of complementary guideline to teachers to support students’ support home based learning translation of distance learning materials in...",1
2023-01-01,2023,1,Nepal,Recovery and Accelerated Learning (ReAL) Plan (2023-2028),http://planipolis.iiep.unesco.org/en/2023/recovery-and-accelerated-learning-real-plan-2023-2028,...grounding for ongoing learning and for life and work”15 structured pedagogy provides “coordinated interventions for improving instruction program components include teaching and learning materials lesson plans teacher guides teacher professional development and assessment”16 flipped classroom concept is also in practice for...,Country: Nepal<br>Report Name: Recovery and Accelerated Learning (ReAL) Plan (2023-2028)<br>Text Excerpt: ...grounding for ongoing learning and for life and work”15 structured pedagogy provides “coordinated interventions for improving instruction program components include teaching and learning materials lesson plans teacher guides teacher professional development and assessment”16 flipped classroom concept is also in practice for...,"Country: Nepal
Report Name: Recovery and Accelerated Learning (ReAL) Plan (2023-2028)
Text Excerpt: ...grounding for ongoing learning and for life and work”15 structured pedagogy provides “coordinated interventions for improving instruction program components include teaching and learning materials lesson plans teacher guides teacher professional development and assessment”16 flipped classroom concept is also in practice for...",1
2020-01-01,2020,9,Niger,Requête de financement accéléré COVID-19 et document de programme. Niger,http://planipolis.iiep.unesco.org/en/2020/requ%C3%AAte-de-financement-acc%C3%A9l%C3%A9r%C3%A9-covid-19-et-document-de-programme-niger-7000,...et des guides de l’enseignant par niveau en complément le présent financement permettra d’appuyer la supervision à distance des enseignants par les conseillers pédagogiques pour la prise en main de ces fascicules de formation et guides 680 conseillers pédagogiques seront concernés par...,Country: Niger<br>Report Name: Requête de financement accéléré COVID-19 et document de programme. Niger<br>Text Excerpt: ...et des guides de l’enseignant par niveau en complément le présent financement permettra d’appuyer la supervision à distance des enseignants par les conseillers pédagogiques pour la prise en main de ces fascicules de formation et guides 680 conseillers pédagogiques seront concernés par...,"Country: Niger
Report Name: Requête de financement accéléré COVID-19 et document de programme. Niger
Text Excerpt: ...et des guides de l’enseignant par niveau en complément le présent financement permettra d’appuyer la supervision à distance des enseignants par les conseillers pédagogiques pour la prise en main de ces fascicules de formation et guides 680 conseillers pédagogiques seront concernés par...",1
2021-01-01,2021,4,Pakistan,"Khyber Pakhtunkhwa Education Improvement Program (KP-EIP): program document for education sector program implementation grant for Khyber Pakhtunkhwa, Pakistan",http://planipolis.iiep.unesco.org/en/2021/khyber-pakhtunkhwa-education-improvement-program-kp-eip-program-document-education-sector,...skills and various other learning tools and teaching tips teachers are provided with lesson plans an online cpd teacher attendance portal has been developed to track teacher participation in cpd under the espig pite in close coordination with the...,"Country: Pakistan<br>Report Name: Khyber Pakhtunkhwa Education Improvement Program (KP-EIP): program document for education sector program implementation grant for Khyber Pakhtunkhwa, Pakistan<br>Text Excerpt: ...skills and various other learning tools and teaching tips teachers are provided with lesson plans an online cpd teacher attendance portal has been developed to track teacher participation in cpd under the espig pite in close coordination with the...","Country: Pakistan
Report Name: Khyber Pakhtunkhwa Education Improvement Program (KP-EIP): program document for education sector program implementation grant for Khyber Pakhtunkhwa, Pakistan
Text Excerpt: ...skills and various other learning tools and teaching tips teachers are provided with lesson plans an online cpd teacher attendance portal has been developed to track teacher participation in cpd under the espig pite in close coordination with the...",1
2022-01-01,2022,2,Pakistan,Khyber Pakhtunkhwa Education Sector Plan 2020/21 - 2024/25,http://planipolis.iiep.unesco.org/en/2022/khyber-pakhtunkhwa-education-sector-plan-202021-202425-7418,...facilitate special needs students’ access to quality education revise teacher training manuals and teacher guides so that they reflect the snc develop a 2 1 4 implement institutional long term...,Country: Pakistan<br>Report Name: Khyber Pakhtunkhwa Education Sector Plan 2020/21 - 2024/25<br>Text Excerpt: ...facilitate special needs students’ access to quality education revise teacher training manuals and teacher guides so that they reflect the snc develop a 2 1 4 implement institutional long term...,"Country: Pakistan
Report Name: Khyber Pakhtunkhwa Education Sector Plan 2020/21 - 2024/25
Text Excerpt: ...facilitate special needs students’ access to quality education revise teacher training manuals and teacher guides so that they reflect the snc develop a 2 1 4 implement institutional long term...",1
2021-01-01,2021,5,Rwanda,National policy of persons with disabilities and four years strategic plan (2021-2024),http://planipolis.iiep.unesco.org/en/2021/national-policy-persons-disabilities-and-four-years-strategic-plan-2021-2024-7242,...000 standards in special and inclusive schools organisations 4 establish and equip resource rooms centers in special and inclusive mineduc 970 000 000 725 000 000 1 810 000 000 910 000 000 4 415 000 000 schools as well as hli reb wda 5 train...,Country: Rwanda<br>Report Name: National policy of persons with disabilities and four years strategic plan (2021-2024)<br>Text Excerpt: ...000 standards in special and inclusive schools organisations 4 establish and equip resource rooms centers in special and inclusive mineduc 970 000 000 725 000 000 1 810 000 000 910 000 000 4 415 000 000 schools as well as hli reb wda 5 train...,"Country: Rwanda
Report Name: National policy of persons with disabilities and four years strategic plan (2021-2024)
Text Excerpt: ...000 standards in special and inclusive schools organisations 4 establish and equip resource rooms centers in special and inclusive mineduc 970 000 000 725 000 000 1 810 000 000 910 000 000 4 415 000 000 schools as well as hli reb wda 5 train...",1
2024-01-01,2024,1,Rwanda,Foundational learning strategy 2024/25 – 2028/29,http://planipolis.iiep.unesco.org/en/2024/foundational-learning-strategy-202425-202829,...including ample supplementary materials for reading practice similarly every teacher should have teacher guides aligned with the textbook and curriculum reading practice requires books at students’ reading...,Country: Rwanda<br>Report Name: Foundational learning strategy 2024/25 – 2028/29<br>Text Excerpt: ...including ample supplementary materials for reading practice similarly every teacher should have teacher guides aligned with the textbook and curriculum reading practice requires books at students’ reading...,"Country: Rwanda
Report Name: Foundational learning strategy 2024/25 – 2028/29
Text Excerpt: ...including ample supplementary materials for reading practice similarly every teacher should have teacher guides aligned with the textbook and curriculum reading practice requires books at students’ reading...",1
2019-01-01,2019,2,Sudan,General Education Sector Strategic Plan 2018/19 - 2022/23,http://planipolis.iiep.unesco.org/en/2019/general-education-sector-strategic-plan-201819-202223-6814,...intervention in lower grades of basic education this will cover provision of text books and readers to learners as well as teaching guides to teachers the activity will also pilot assessment feedback to schools and parents to ensure the school community...,Country: Sudan<br>Report Name: General Education Sector Strategic Plan 2018/19 - 2022/23<br>Text Excerpt: ...intervention in lower grades of basic education this will cover provision of text books and readers to learners as well as teaching guides to teachers the activity will also pilot assessment feedback to schools and parents to ensure the school community...,"Country: Sudan
Report Name: General Education Sector Strategic Plan 2018/19 - 2022/23
Text Excerpt: ...intervention in lower grades of basic education this will cover provision of text books and readers to learners as well as teaching guides to teachers the activity will also pilot assessment feedback to schools and parents to ensure the school community...",1
2021-01-01,2021,6,Syrian Arab Republic,Improving equity and learning: strengthening educational pathways for children in Northeast Syria: Global Partnership for Education program 2021-2024,http://planipolis.iiep.unesco.org/en/2021/improving-equity-and-learning-strengthening-educational-pathways-children-northeast-syria,...services adolescents might need to ensure effective teaching nfe teachers and education personnel in formal and non formal education programming will benefit from on going professional development initiatives focused on inclusive gender sensitive and protective pedagogy teacher well being and integration of sel across the...,Country: Syrian Arab Republic<br>Report Name: Improving equity and learning: strengthening educational pathways for children in Northeast Syria: Global Partnership for Education program 2021-2024<br>Text Excerpt: ...services adolescents might need to ensure effective teaching nfe teachers and education personnel in formal and non formal education programming will benefit from on going professional development initiatives focused on inclusive gender sensitive and protective pedagogy teacher well being and integration of sel across the...,"Country: Syrian Arab Republic
Report Name: Improving equity and learning: strengthening educational pathways for children in Northeast Syria: Global Partnership for Education program 2021-2024
Text Excerpt: ...services adolescents might need to ensure effective teaching nfe teachers and education personnel in formal and non formal education programming will benefit from on going professional development initiatives focused on inclusive gender sensitive and protective pedagogy teacher well being and integration of sel across the...",1
2011-01-01,2011,3,Timor-Leste,Plano Estratégico Nacional da Educação 2011-2030,http://planipolis.iiep.unesco.org/en/2011/plano-estrat%C3%A9gico-nacional-da-educa%C3%A7%C3%A3o-2011-2030-5541,...cycle curriculum in schools and identify modifications 2 2 1 3 design and produce teacher and student books and materials for first and second cycles 2 2 1 4 produce the new curriculum framework for...,Country: Timor-Leste<br>Report Name: Plano Estratégico Nacional da Educação 2011-2030<br>Text Excerpt: ...cycle curriculum in schools and identify modifications 2 2 1 3 design and produce teacher and student books and materials for first and second cycles 2 2 1 4 produce the new curriculum framework for...,"Country: Timor-Leste
Report Name: Plano Estratégico Nacional da Educação 2011-2030
Text Excerpt: ...cycle curriculum in schools and identify modifications 2 2 1 3 design and produce teacher and student books and materials for first and second cycles 2 2 1 4 produce the new curriculum framework for...",1
2016-01-01,2016,2,Tuvalu,Tuvalu Education Sector Plan III (TESP III) 2016-2020,http://planipolis.iiep.unesco.org/en/2016/tuvalu-education-sector-plan-iii-tesp-iii-2016-2020-7264,...and rationale focus outputs performance indicators curriculum i implementation of the tuvalu national curriculum policy framework • implementation of national development tncpf through the development of curricular materials and support curriculum policy framework resources • number of curricular materials • develop and...,Country: Tuvalu<br>Report Name: Tuvalu Education Sector Plan III (TESP III) 2016-2020<br>Text Excerpt: ...and rationale focus outputs performance indicators curriculum i implementation of the tuvalu national curriculum policy framework • implementation of national development tncpf through the development of curricular materials and support curriculum policy framework resources • number of curricular materials • develop and...,"Country: Tuvalu
Report Name: Tuvalu Education Sector Plan III (TESP III) 2016-2020
Text Excerpt: ...and rationale focus outputs performance indicators curriculum i implementation of the tuvalu national curriculum policy framework • implementation of national development tncpf through the development of curricular materials and support curriculum policy framework resources • number of curricular materials • develop and...",1
2018-01-01,2018,3,Uganda,Education response plan for refugees and host communities in Uganda (2018-2021),http://planipolis.iiep.unesco.org/en/2018/education-response-plan-refugees-and-host-communities-uganda-2018-2021,...to not have enough materials to cater for the refugee influx the supply of text books teachers guide and learning materials have been prioritized all across the education levels including aep and vocational skills training based on...,Country: Uganda<br>Report Name: Education response plan for refugees and host communities in Uganda (2018-2021)<br>Text Excerpt: ...to not have enough materials to cater for the refugee influx the supply of text books teachers guide and learning materials have been prioritized all across the education levels including aep and vocational skills training based on...,"Country: Uganda
Report Name: Education response plan for refugees and host communities in Uganda (2018-2021)
Text Excerpt: ...to not have enough materials to cater for the refugee influx the supply of text books teachers guide and learning materials have been prioritized all across the education levels including aep and vocational skills training based on...",1
2006-01-01,2006,1,Vanuatu,Vanuatu Education Sector Strategy (VESS) 2007-2016 - Incorporating the Ministry of Education Corporate Plan and Medium-Term Expenditure Framework for 2007-2009 (working draft),http://planipolis.iiep.unesco.org/en/2006/vanuatu-education-sector-strategy-vess-2007-2016-incorporating-ministry-education-corporate,...school based national early childhood • teaching certificate supported by distance learning materials and provincially based teacher support centres • moe to provide support through the development and...,Country: Vanuatu<br>Report Name: Vanuatu Education Sector Strategy (VESS) 2007-2016 - Incorporating the Ministry of Education Corporate Plan and Medium-Term Expenditure Framework for 2007-2009 (working draft)<br>Text Excerpt: ...school based national early childhood • teaching certificate supported by distance learning materials and provincially based teacher support centres • moe to provide support through the development and...,"Country: Vanuatu
Report Name: Vanuatu Education Sector Strategy (VESS) 2007-2016 - Incorporating the Ministry of Education Corporate Plan and Medium-Term Expenditure Framework for 2007-2009 (working draft)
Text Excerpt: ...school based national early childhood • teaching certificate supported by distance learning materials and provincially based teacher support centres • moe to provide support through the development and...",1
2009-01-01,2009,3,Vanuatu,Vanuatu education road map - Feuille de route de l'éducation de Vanuatu,http://planipolis.iiep.unesco.org/en/2009/vanuatu-education-road-map-feuille-de-route-de-l%C3%A9ducation-de-vanuatu-5543,...statement will be completed in 2010 and work will begin on the phased development of curriculum standards and supporting teacher guidelines and student learning materials during 2010 to 2012 the focus will be years k to 3 the early childhood...,Country: Vanuatu<br>Report Name: Vanuatu education road map - Feuille de route de l'éducation de Vanuatu<br>Text Excerpt: ...statement will be completed in 2010 and work will begin on the phased development of curriculum standards and supporting teacher guidelines and student learning materials during 2010 to 2012 the focus will be years k to 3 the early childhood...,"Country: Vanuatu
Report Name: Vanuatu education road map - Feuille de route de l'éducation de Vanuatu
Text Excerpt: ...statement will be completed in 2010 and work will begin on the phased development of curriculum standards and supporting teacher guidelines and student learning materials during 2010 to 2012 the focus will be years k to 3 the early childhood...",1
2012-01-01,2012,4,Vanuatu,Vanuatu Education Sector Program: design document,http://planipolis.iiep.unesco.org/en/2012/vanuatu-education-sector-program-design-document-5542,...early literacy and numeracy according to the new curriculum o provide year 1 3 students primary schools and teachers with appropriate classroom resources lesson plans workbooks textbooks posters reading books mathematics kits etc 52 this will include the development of syllabuses...,Country: Vanuatu<br>Report Name: Vanuatu Education Sector Program: design document<br>Text Excerpt: ...early literacy and numeracy according to the new curriculum o provide year 1 3 students primary schools and teachers with appropriate classroom resources lesson plans workbooks textbooks posters reading books mathematics kits etc 52 this will include the development of syllabuses...,"Country: Vanuatu
Report Name: Vanuatu Education Sector Program: design document
Text Excerpt: ...early literacy and numeracy according to the new curriculum o provide year 1 3 students primary schools and teachers with appropriate classroom resources lesson plans workbooks textbooks posters reading books mathematics kits etc 52 this will include the development of syllabuses...",1
2020-01-01,2020,10,Vanuatu,Covid-19 contingency plan 2020,http://planipolis.iiep.unesco.org/en/2020/covid-19-contingency-plan-2020-6972,...used to build an estimate of the ministry s digital capability the lesson plan cost covers lessons for students prepared by teachers for 3 months it is based on the ministry of education and training...,Country: Vanuatu<br>Report Name: Covid-19 contingency plan 2020<br>Text Excerpt: ...used to build an estimate of the ministry s digital capability the lesson plan cost covers lessons for students prepared by teachers for 3 months it is based on the ministry of education and training...,"Country: Vanuatu
Report Name: Covid-19 contingency plan 2020
Text Excerpt: ...used to build an estimate of the ministry s digital capability the lesson plan cost covers lessons for students prepared by teachers for 3 months it is based on the ministry of education and training...",1
2020-01-01,2020,11,Yemen,Yemen COVID-19 Ministry of Education national response plan,http://planipolis.iiep.unesco.org/en/2020/yemen-covid-19-ministry-education-national-response-plan-7011,...those who have no limited access to electricity and internet compensatory lessons are prepared in form of an electronic booklet for each grade and accompanied by basic materials that can be printed and distributed via communities...,Country: Yemen<br>Report Name: Yemen COVID-19 Ministry of Education national response plan<br>Text Excerpt: ...those who have no limited access to electricity and internet compensatory lessons are prepared in form of an electronic booklet for each grade and accompanied by basic materials that can be printed and distributed via communities...,"Country: Yemen
Report Name: Yemen COVID-19 Ministry of Education national response plan
Text Excerpt: ...those who have no limited access to electricity and internet compensatory lessons are prepared in form of an electronic booklet for each grade and accompanied by basic materials that can be printed and distributed via communities...",1
